{
  "2D": 18505.0860080718,
  "3D": 62.5499999523163,
  "AFK": 123,
  "AssetLib": 29.9339997768402,
  "Dialogic": 12445.4829976559,
  "Editor": 86993.8949980734,
  "External": 46401.005993843,
  "LimboAI": 4176.90699768066,
  "Script": 5372.92900109293
}