{
  "2D": 10142.9930062294,
  "3D": 11.0129997730256,
  "AFK": 123,
  "Editor": 35356.1719985009,
  "External": 20830.3739950658,
  "LimboAI": 4176.90699768066,
  "Script": 194.884999752045
}