{
  "2D": 33303.6880130765,
  "3D": 137.111000299455,
  "AFK": 79.0010001659393,
  "AssetLib": 29.9339997768402,
  "Dialogic": 15776.0799975395,
  "Editor": 147625.162999629,
  "External": 83106.7789938448,
  "LimboAI": 4855.68299770355,
  "Script": 10415.8879973889
}