{
  "2D": 18275.9070074557,
  "3D": 55.0640001296997,
  "AFK": 123,
  "Dialogic": 10704.5989985466,
  "Editor": 82397.3609979151,
  "External": 44673.6539938449,
  "LimboAI": 4176.90699768066,
  "Script": 4511.23000025751
}