{
  "2D": 47213.3990011211,
  "3D": 237.623000621796,
  "AFK": 1643.0009996891,
  "AssetLib": 29.9339997768402,
  "Dialogic": 32423.0199980737,
  "Editor": 272950.784001112,
  "External": 168318.118994236,
  "LimboAI": 6405.36000108718,
  "Script": 18323.3290061952
}