{
  "2D": 15413.4790070056,
  "3D": 44.3969995975494,
  "AFK": 123,
  "Dialogic": 8436.26699852943,
  "Editor": 70415.8289976119,
  "External": 38630.3149945736,
  "LimboAI": 4176.90699768066,
  "Script": 3714.46400022508
}