{
  "2D": 36478.6850092408,
  "3D": 197.351000308991,
  "AFK": 79.0010001659393,
  "AssetLib": 29.9339997768402,
  "Dialogic": 26129.9909980297,
  "Editor": 211592.471999645,
  "External": 127135.633988381,
  "LimboAI": 6285.36000084876,
  "Script": 15335.5170030595
}