{
  "2D": 27061.1000113485,
  "3D": 108.035000085831,
  "AFK": 79.0010001659393,
  "AssetLib": 29.9339997768402,
  "Dialogic": 12855.075997591,
  "Editor": 120779.194998264,
  "External": 67985.5499923226,
  "LimboAI": 4185.90399765968,
  "Script": 8553.59599947931
}